{"images/dextools.png":["images/dextools.png"],"images/logo.jpg":["images/logo.jpg"],"images/logo.png":["images/logo.png"],"images/logo2.png":["images/logo2.png"],"images/pancakeswap_logo.png":["images/pancakeswap_logo.png"],"images/poocoin.png":["images/poocoin.png"],"images/telegram_logo.png":["images/telegram_logo.png"],"images/wallpaper.jpeg":["images/wallpaper.jpeg"],"images/wallpaper.jpg":["images/wallpaper.jpg"],"packages/cupertino_icons/assets/CupertinoIcons.ttf":["packages/cupertino_icons/assets/CupertinoIcons.ttf"]}